-- MS SQL Server adaptation of SampleDB.sql
-- Notes: kept types (`DATETIME`) as-is; added `GO` batch separators after major object creation blocks.

CREATE TABLE assets (
    asset_id INT PRIMARY KEY,
    asset_name VARCHAR(100) NOT NULL,
    location VARCHAR(100) NOT NULL,
    region VARCHAR(50) NOT NULL
);
GO

CREATE TABLE refinery_units (
    unit_id INT PRIMARY KEY,
    asset_id INT,
    unit_name VARCHAR(100) NOT NULL,
    design_capacity_bpd INT NOT NULL,
    primary_product VARCHAR(50),
    FOREIGN KEY (asset_id) REFERENCES assets(asset_id)
);
GO

CREATE TABLE production_logs (
    log_id INT PRIMARY KEY,
    unit_id INT,
    production_date DATE NOT NULL,
    product_type VARCHAR(50) NOT NULL,
    actual_volume_bpd DECIMAL(10, 2) NOT NULL,
    efficiency_percentage DECIMAL(5, 2),
    FOREIGN KEY (unit_id) REFERENCES refinery_units(unit_id)
);
GO

-- Inserting Data into assets
INSERT INTO assets (asset_id, asset_name, location, region) VALUES
(1, 'Cauvery Asset', 'Karaikal', 'Southern'),
(2, 'Mumbai High Asset', 'Mumbai Offshore', 'Western offshore'),
(3, 'Ahmedabad Asset', 'Ahmedabad', 'Western onshore'),
(4, 'Rajahmundry Asset', 'Rajahmundry', 'Southern'),
(5, 'Assam Asset', 'Sivasagar', 'Eastern');
GO

-- Inserting Data into refinery_units
INSERT INTO refinery_units (unit_id, asset_id, unit_name, design_capacity_bpd, primary_product) VALUES
(101, 1, 'Karaikal Mini Refinery', 10000, 'Crude Oil'),
(102, 1, 'Nagapattinam GPP', 5000, 'Natural Gas'),
(103, 2, 'Uran LPG Plant', 45000, 'LPG'),
(104, 2, 'Hazira Gas Processing Plant', 60000, 'Natural Gas'),
(105, 3, 'Nawagam CPF', 25000, 'Crude Oil'),
(106, 4, 'Tatipaka Mini Refinery', 8000, 'Crude Oil'),
(107, 5, 'Sibsagar GGS', 15000, 'Crude Oil');
GO

(-- Inserting Production Logs (75 entries matching ONGC Asset operations)
INSERT INTO production_logs (log_id, unit_id, production_date, product_type, actual_volume_bpd, efficiency_percentage) VALUES
(1, 101, '2026-05-01', 'Crude Oil', 9760.64, 97.61),
(2, 101, '2026-05-01', 'Crude Oil', 8659.28, 86.59),
(3, 107, '2026-05-01', 'Crude Oil', 14684.96, 97.9),
(4, 107, '2026-05-02', 'Crude Oil', 14945.81, 99.64),
(5, 105, '2026-05-03', 'Crude Oil', 23759.59, 95.04),
(6, 103, '2026-05-03', 'LPG', 44793.18, 99.54),
(7, 101, '2026-05-03', 'Crude Oil', 9744.24, 97.44),
(8, 107, '2026-05-03', 'Crude Oil', 15243.86, 101.63),
(9, 102, '2026-05-03', 'Natural Gas', 4537.37, 90.75),
(10, 104, '2026-05-04', 'Natural Gas', 54661.59, 91.1),
(11, 107, '2026-05-04', 'Crude Oil', 13719.32, 91.46),
(12, 103, '2026-05-05', 'LPG', 39897.15, 88.66),
(13, 102, '2026-05-05', 'Natural Gas', 4567.83, 91.36),
(14, 106, '2026-05-06', 'Crude Oil', 7526.43, 94.08),
(15, 102, '2026-05-06', 'Natural Gas', 4642.92, 92.86),
(16, 104, '2026-05-06', 'Natural Gas', 55627.98, 92.71),
(17, 105, '2026-05-07', 'Crude Oil', 24293.08, 97.17),
(18, 105, '2026-05-07', 'Crude Oil', 24244.43, 96.98),
(19, 102, '2026-05-08', 'Natural Gas', 4368.61, 87.37),
(20, 105, '2026-05-08', 'Crude Oil', 24159.61, 96.64),
(21, 102, '2026-05-08', 'Natural Gas', 4883.24, 97.66),
(22, 103, '2026-05-08', 'LPG', 45879.54, 101.95),
(23, 106, '2026-05-09', 'Crude Oil', 7754.48, 96.93),
(24, 105, '2026-05-09', 'Crude Oil', 24424.81, 97.7),
(25, 102, '2026-05-09', 'Natural Gas', 4698.52, 93.97),
(26, 105, '2026-05-10', 'Crude Oil', 24774.97, 99.1),
(27, 107, '2026-05-10', 'Crude Oil', 13360.6, 89.07),
(28, 107, '2026-05-11', 'Crude Oil', 13010.64, 86.74),
(29, 106, '2026-05-11', 'Crude Oil', 7089.17, 88.61),
(30, 106, '2026-05-11', 'Crude Oil', 6951.71, 86.9),
(31, 102, '2026-05-12', 'Natural Gas', 4551.98, 91.04),
(32, 103, '2026-05-13', 'LPG', 40298.22, 89.55),
(33, 104, '2026-05-13', 'Natural Gas', 60023.77, 100.04),
(34, 104, '2026-05-13', 'Natural Gas', 57078.06, 95.13),
(35, 106, '2026-05-14', 'Crude Oil', 7611.12, 95.14),
(36, 105, '2026-05-14', 'Crude Oil', 25348.54, 101.39),
(37, 106, '2026-05-15', 'Crude Oil', 6994.31, 87.43),
(38, 105, '2026-05-15', 'Crude Oil', 21764.27, 87.06),
(39, 103, '2026-05-16', 'LPG', 38399.0, 85.33),
(40, 106, '2026-05-16', 'Crude Oil', 8087.71, 101.1),
(41, 102, '2026-05-17', 'Natural Gas', 4761.72, 95.23),
(42, 102, '2026-05-17', 'Natural Gas', 4669.49, 93.39),
(43, 104, '2026-05-17', 'Natural Gas', 53564.42, 89.27),
(44, 106, '2026-05-18', 'Crude Oil', 7370.55, 92.13),
(45, 102, '2026-05-18', 'Natural Gas', 5060.47, 101.21),
(46, 104, '2026-05-19', 'Natural Gas', 53837.55, 89.73),
(47, 103, '2026-05-20', 'LPG', 40273.58, 89.5),
(48, 104, '2026-05-21', 'Natural Gas', 59507.93, 99.18),
(49, 106, '2026-05-21', 'Crude Oil', 6897.11, 86.21),
(50, 102, '2026-05-21', 'Natural Gas', 4385.98, 87.72),
(51, 107, '2026-05-21', 'Crude Oil', 14044.54, 93.63),
(52, 106, '2026-05-21', 'Crude Oil', 7307.85, 91.35),
(53, 101, '2026-05-22', 'Crude Oil', 9759.14, 97.59),
(54, 101, '2026-05-22', 'Crude Oil', 8887.43, 88.87),
(55, 102, '2026-05-23', 'Natural Gas', 4609.22, 92.18),
(56, 102, '2026-05-23', 'Natural Gas', 4514.96, 90.3),
(57, 101, '2026-05-24', 'Crude Oil', 9281.02, 92.81),
(58, 106, '2026-05-24', 'Crude Oil', 6955.79, 86.95),
(59, 107, '2026-05-25', 'Crude Oil', 14728.8, 98.19),
(60, 105, '2026-05-25', 'Crude Oil', 22384.01, 89.54),
(61, 105, '2026-05-25', 'Crude Oil', 22009.27, 88.04),
(62, 105, '2026-05-25', 'Crude Oil', 21784.48, 87.14),
(63, 105, '2026-05-25', 'Crude Oil', 24352.21, 97.41),
(64, 102, '2026-05-27', 'Natural Gas', 4277.29, 85.55),
(65, 105, '2026-05-28', 'Crude Oil', 25255.33, 101.02),
(66, 101, '2026-05-28', 'Crude Oil', 9563.01, 95.63),
(67, 105, '2026-05-29', 'Crude Oil', 24912.25, 99.65),
(68, 104, '2026-05-29', 'Natural Gas', 56952.04, 94.92),
(69, 106, '2026-05-29', 'Crude Oil', 7778.77, 97.23),
(70, 103, '2026-05-29', 'LPG', 45787.71, 101.75),
(71, 102, '2026-05-29', 'Natural Gas', 4732.25, 94.64),
(72, 101, '2026-05-30', 'Crude Oil', 9143.51, 91.44),
(73, 103, '2026-05-30', 'LPG', 43146.0, 95.88),
(74, 102, '2026-05-30', 'Natural Gas', 5051.47, 101.03),
(75, 105, '2026-05-30', 'Crude Oil', 21252.43, 85.01);
GO

GO

CREATE TABLE crude_assays (
    assay_id INT PRIMARY KEY,
    crude_name VARCHAR(100) NOT NULL,
    api_gravity DECIMAL(4,1),
    sulfur_percentage DECIMAL(4,2),
    viscosity_cst DECIMAL(4,1),
    pour_point_c DECIMAL(4,1)
);
GO

CREATE TABLE pipelines (
    pipeline_id INT PRIMARY KEY,
    source_asset_id INT,
    destination_unit_id INT,
    pipeline_name VARCHAR(100) NOT NULL,
    length_km DECIMAL(6,2),
    FOREIGN KEY (source_asset_id) REFERENCES assets(asset_id),
    FOREIGN KEY (destination_unit_id) REFERENCES refinery_units(unit_id)
);
GO

CREATE TABLE pipeline_metrics (
    metric_id INT PRIMARY KEY,
    pipeline_id INT,
    timestamp DATETIME NOT NULL,
    flow_rate_m3h DECIMAL(10,2),
    pressure_bar DECIMAL(6,2),
    temperature_c DECIMAL(4,1),
    FOREIGN KEY (pipeline_id) REFERENCES pipelines(pipeline_id)
);
GO

CREATE TABLE weekly_inventory_records (
    inventory_id INT PRIMARY KEY,
    unit_id INT,
    record_date DATE NOT NULL,
    product_type VARCHAR(50) NOT NULL,
    current_stock_bbls DECIMAL(12,2),
    max_capacity_bbls DECIMAL(12,2),
    FOREIGN KEY (unit_id) REFERENCES refinery_units(unit_id)
);
GO

CREATE TABLE asset_integrity_logs (
    log_id INT PRIMARY KEY,
    unit_id INT,
    inspection_date DATE NOT NULL,
    component_name VARCHAR(100) NOT NULL,
    corrosion_rate_mmpy DECIMAL(5,3),
    wall_thickness_mm DECIMAL(5,2),
    status VARCHAR(25),
    FOREIGN KEY (unit_id) REFERENCES refinery_units(unit_id)
);
GO

CREATE TABLE refinery_utilization_metrics (
    utilization_id INT PRIMARY KEY,
    unit_id INT,
    metric_date DATE NOT NULL,
    design_capacity_bpd INT,
    actual_throughput_bpd DECIMAL(10,2),
    utilization_percentage DECIMAL(5,2),
    FOREIGN KEY (unit_id) REFERENCES refinery_units(unit_id)
);
GO

CREATE TABLE supply_demand_dynamics (
    dynamics_id INT PRIMARY KEY,
    product_type VARCHAR(50) NOT NULL,
    record_date DATE NOT NULL,
    region VARCHAR(50) NOT NULL,
    projected_demand_bpd DECIMAL(12,2),
    actual_supply_bpd DECIMAL(12,2),
    volumetric_variance_bpd DECIMAL(12,2)
);
GO

-- Inserting Data into crude_assays
INSERT INTO crude_assays (assay_id, crude_name, api_gravity, sulfur_percentage, viscosity_cst, pour_point_c) VALUES
(1, 'Mumbai High Crude', 38.2, 0.21, 4.5, 30.0),
(2, 'Cauvery Basin Crude', 34.5, 0.45, 5.2, 21.0),
(3, 'Assam Mix Crude', 32.1, 0.35, 6.8, 27.0),
(4, 'Cambay Sweet Crude', 41.0, 0.12, 3.1, 18.0);
GO

-- Inserting Data into pipelines
INSERT INTO pipelines (pipeline_id, source_asset_id, destination_unit_id, pipeline_name, length_km) VALUES
(201, 1, 101, 'Karaikal-MRL Trunkline', 45.50),
(202, 2, 103, 'Mumbai High-Uran Subsea Pipeline', 210.00),
(203, 2, 104, 'South Basin-Hazira Gas Line', 240.20),
(204, 3, 105, 'Nawagam-Ahmedabad Feeder', 18.00),
(205, 5, 107, 'Sibsagar Field Pipeline', 35.10);
GO

(-- Inserting Pipeline Flow & Pressure Metrics (>50 rows)
INSERT INTO pipeline_metrics (metric_id, pipeline_id, timestamp, flow_rate_m3h, pressure_bar, temperature_c) VALUES
(1, 203, '2026-06-25 00:00:00', 1198.85, 78.71, 33.6),
(2, 203, '2026-06-25 00:00:00', 606.31, 57.07, 36.6),
(3, 203, '2026-05-02 00:00:00', 448.97, 60.02, 35.1),
(4, 205, '2026-05-14 00:00:00', 761.12, 69.94, 31.4),
(5, 204, '2026-05-14 00:00:00', 934.85, 87.43, 37.1),
(6, 205, '2026-05-15 00:00:00', 870.64, 45.99, 35.3),
(7, 202, '2026-05-16 00:00:00', 1024.19, 80.88, 41.1),
(8, 201, '2026-05-17 00:00:00', 952.34, 46.69, 33.4),
(9, 201, '2026-05-17 00:00:00', 866.95, 53.56, 39.3),
(10, 203, '2026-05-17 00:00:00', 1071.71, 73.71, 32.1),
(11, 205, '2026-05-18 00:00:00', 921.31, 50.60, 41.2),
(12, 201, '2026-05-18 00:00:00', 438.60, 53.84, 39.7),
(13, 203, '2026-05-19 00:00:00', 1069.47, 40.27, 39.5),
(14, 202, '2026-05-20 00:00:00', 1190.16, 59.51, 39.2),
(15, 203, '2026-05-21 00:00:00', 1034.57, 68.97, 36.2),
(16, 201, '2026-05-21 00:00:00', 438.60, 114.04, 41.3),
(17, 205, '2026-05-21 00:00:00', 821.64, 73.08, 31.3),
(18, 205, '2026-05-21 00:00:00', 1171.10, 97.59, 37.6),
(19, 201, '2026-05-22 00:00:00', 444.37, 88.87, 38.9),
(20, 201, '2026-05-22 00:00:00', 921.78, 45.15, 40.3),
(21, 201, '2026-05-23 00:00:00', 902.97, 92.81, 32.8),
(22, 201, '2026-05-24 00:00:00', 869.51, 69.56, 37.0),
(23, 205, '2026-05-24 00:00:00', 981.86, 89.54, 38.0),
(24, 204, '2026-05-25 00:00:00', 1100.46, 88.04, 37.1),
(25, 204, '2026-05-25 00:00:00', 1089.23, 87.14, 37.4),
(26, 204, '2026-05-25 00:00:00', 1217.61, 97.41, 38.6),
(27, 204, '2026-05-25 00:00:00', 1069.34, 42.77, 35.6),
(28, 201, '2026-05-27 00:00:00', 505.10, 101.02, 35.6),
(29, 204, '2026-05-28 00:00:00', 1195.63, 95.63, 39.7),
(30, 201, '2026-05-28 00:00:00', 498.24, 99.65, 39.5),
(31, 204, '2026-05-29 00:00:00', 1139.05, 56.95, 34.9),
(32, 203, '2026-05-29 00:00:00', 1166.85, 77.79, 37.2),
(33, 205, '2026-05-29 00:00:00', 972.26, 45.79, 41.8),
(34, 202, '2026-05-29 00:00:00', 473.23, 94.64, 39.1),
(35, 201, '2026-05-29 00:00:00', 457.18, 91.44, 31.4),
(36, 202, '2026-05-30 00:00:00', 431.46, 95.88, 39.6),
(37, 201, '2026-05-30 00:00:00', 505.15, 101.03, 38.5),
(38, 201, '2026-05-30 00:00:00', 1062.62, 85.01, 35.0),
(39, 204, '2026-05-30 00:00:00', 904.37, 56.55, 30.6),
(40, 202, '2026-05-31 00:00:00', 1010.51, 60.15, 30.2),
(41, 203, '2026-05-31 00:00:00', 1056.97, 84.56, 36.5),
(42, 203, '2026-06-02 00:00:00', 1024.17, 85.35, 31.9),
(43, 204, '2026-06-03 00:00:00', 1173.22, 93.86, 31.7),
(44, 204, '2026-06-03 00:00:00', 1030.04, 82.40, 35.6),
(45, 204, '2026-06-04 00:00:00', 1157.07, 92.57, 33.4),
(46, 204, '2026-06-04 00:00:00', 1239.54, 99.16, 35.9),
(47, 204, '2026-06-05 00:00:00', 1084.77, 86.78, 37.1),
(48, 205, '2026-06-07 00:00:00', 701.32, 57.19, 39.5),
(49, 202, '2026-06-07 00:00:00', 1060.01, 70.67, 34.0),
(50, 205, '2026-06-07 00:00:00', 788.16, 64.30, 42.5),
(51, 205, '2026-06-11 00:00:00', 814.39, 66.44, 30.3),
(52, 205, '2026-06-12 00:00:00', 752.42, 61.39, 39.7),
(53, 205, '2026-06-12 00:00:00', 718.06, 58.59, 41.5),
(54, 205, '2026-06-12 00:00:00', 742.06, 60.55, 37.3),
(55, 205, '2026-06-12 00:00:00', 720.69, 58.81, 29.4),
(56, 205, '2026-06-13 00:00:00', 734.40, 59.93, 31.8),
(57, 205, '2026-06-13 00:00:00', 793.18, 64.72, 38.1),
(58, 205, '2026-06-15 00:00:00', 785.49, 64.09, 37.5),
(59, 205, '2026-06-15 00:00:00', 711.51, 58.06, 35.2),
(60, 205, '2026-06-16 00:00:00', 759.73, 61.99, 35.8),
(61, 205, '2026-06-16 00:00:00', 726.68, 59.30, 38.6),
(62, 205, '2026-06-17 00:00:00', 722.92, 58.99, 37.3),
(63, 205, '2026-06-19 00:00:00', 727.64, 59.38, 41.9),
(64, 205, '2026-06-20 00:00:00', 762.62, 62.23, 40.3),
(65, 205, '2026-06-21 00:00:00', 740.11, 60.39, 37.4);
GO

-- Inserting Weekly Inventory Records (>50 rows)
INSERT INTO weekly_inventory_records (inventory_id, unit_id, record_date, product_type, current_stock_bbls, max_capacity_bbls) VALUES
(1, 101, '2026-05-01', 'Crude Oil', 46399.71, 70000.00),
(2, 102, '2026-05-01', 'Natural Gas', 23419.82, 35000.00),
(3, 103, '2026-05-01', 'LPG', 198275.52, 315000.00),
(4, 104, '2026-05-01', 'Natural Gas', 290141.22, 420000.00),
(5, 105, '2026-05-01', 'Crude Oil', 101264.44, 175000.00),
(6, 106, '2026-05-01', 'Crude Oil', 38241.65, 560000.00),
(7, 107, '2026-05-01', 'Crude Oil', 53322.09, 105000.00),
(8, 101, '2026-05-08', 'Crude Oil', 43764.12, 70000.00),
(9, 102, '2026-05-08', 'Natural Gas', 19711.19, 35000.00),
(10, 103, '2026-05-08', 'LPG', 224328.02, 315000.00),
(11, 104, '2026-05-08', 'Natural Gas', 323719.12, 420000.00),
(12, 105, '2026-05-08', 'Crude Oil', 142106.84, 175000.00),
(13, 106, '2026-05-08', 'Crude Oil', 33182.12, 560000.00),
(14, 107, '2026-05-08', 'Crude Oil', 85114.39, 105000.00),
(15, 101, '2026-05-15', 'Crude Oil', 37492.12, 70000.00),
(16, 102, '2026-05-15', 'Natural Gas', 17462.19, 35000.00),
(17, 103, '2026-05-15', 'LPG', 132471.94, 315000.00),
(18, 104, '2026-05-15', 'Natural Gas', 241924.12, 420000.00),
(19, 105, '2026-05-15', 'Crude Oil', 121946.88, 175000.00),
(20, 106, '2026-05-15', 'Crude Oil', 41249.02, 560000.00),
(21, 107, '2026-05-15', 'Crude Oil', 62419.11, 105000.00),
(22, 101, '2026-05-22', 'Crude Oil', 53412.19, 70000.00),
(23, 102, '2026-05-22', 'Natural Gas', 21469.88, 35000.00),
(24, 103, '2026-05-22', 'LPG', 261942.02, 315000.00),
(25, 104, '2026-05-22', 'Natural Gas', 310246.12, 420000.00),
(26, 105, '2026-05-22', 'Crude Oil', 110246.99, 175000.00),
(27, 106, '2026-05-22', 'Crude Oil', 39421.16, 560000.00),
(28, 107, '2026-05-22', 'Crude Oil', 74169.88, 105000.00),
(29, 101, '2026-05-29', 'Crude Oil', 42169.46, 70000.00),
(30, 102, '2026-05-29', 'Natural Gas', 16241.11, 35000.00),
(31, 103, '2026-05-29', 'LPG', 194628.11, 315000.00),
(32, 104, '2026-05-29', 'Natural Gas', 274619.02, 420000.00),
(33, 105, '2026-05-29', 'Crude Oil', 98416.32, 175000.00),
(34, 106, '2026-05-29', 'Crude Oil', 42194.02, 560000.00),
(35, 107, '2026-05-29', 'Crude Oil', 81462.19, 105000.00),
(36, 101, '2026-06-05', 'Crude Oil', 31942.11, 70000.00),
(37, 102, '2026-06-05', 'Natural Gas', 24169.02, 35000.00),
(38, 103, '2026-06-05', 'LPG', 174312.19, 315000.00),
(39, 104, '2026-06-05', 'Natural Gas', 294611.32, 420000.00),
(40, 105, '2026-06-05', 'Crude Oil', 134112.99, 175000.00),
(41, 106, '2026-06-05', 'Crude Oil', 31024.11, 560000.00),
(42, 107, '2026-06-05', 'Crude Oil', 71946.88, 105000.00),
(43, 101, '2026-06-12', 'Crude Oil', 48942.11, 70000.00),
(44, 102, '2026-06-12', 'Natural Gas', 19421.02, 35000.00),
(45, 103, '2026-06-12', 'LPG', 234169.11, 315000.00),
(46, 104, '2026-06-12', 'Natural Gas', 341629.02, 420000.00),
(47, 105, '2026-06-12', 'Crude Oil', 120419.32, 175000.00),
(48, 106, '2026-06-12', 'Crude Oil', 44192.11, 560000.00),
(49, 107, '2026-06-12', 'Crude Oil', 64192.88, 105000.00),
(50, 101, '2026-06-19', 'Crude Oil', 41692.11, 70000.00),
(51, 102, '2026-06-19', 'Natural Gas', 22141.02, 35000.00),
(52, 103, '2026-06-19', 'LPG', 201469.11, 315000.00),
(53, 104, '2026-06-19', 'Natural Gas', 289416.02, 420000.00),
(54, 105, '2026-06-19', 'Crude Oil', 101419.32, 175000.00),
(55, 106, '2026-06-19', 'Crude Oil', 38419.11, 560000.00),
(56, 107, '2026-06-19', 'Crude Oil', 83412.88, 105000.00),
(57, 101, '2026-06-26', 'Crude Oil', 45192.11, 70000.00),
(58, 102, '2026-06-26', 'Natural Gas', 18419.02, 35000.00),
(59, 103, '2026-06-26', 'LPG', 241946.11, 315000.00),
(60, 104, '2026-06-26', 'Natural Gas', 314619.02, 420000.00),
(61, 105, '2026-06-26', 'Crude Oil', 119416.32, 175000.00),
(62, 106, '2026-06-26', 'Crude Oil', 41024.11, 560000.00),
(63, 107, '2026-06-26', 'Crude Oil', 79412.88, 105000.00);
GO

-- Inserting Asset Integrity Logs (>50 rows)
INSERT INTO asset_integrity_logs (log_id, unit_id, inspection_date, component_name, corrosion_rate_mmpy, wall_thickness_mm, status) VALUES
(1, 103, '2026-05-10', 'Crude Feed Pump', 0.284, 15.65, 'Action Required'),
(2, 101, '2026-06-13', 'Boiler Unit B-1', 0.081, 34.02, 'Pass'),
(3, 104, '2026-05-24', 'Storage Tank T-405', 0.170, 41.51, 'Pass'),
(4, 102, '2026-05-29', 'Heat Exchanger X-102', 0.043, 33.40, 'Pass'),
(5, 103, '2026-05-09', 'High Pressure Separator', 0.347, 24.32, 'Action Required'),
(6, 104, '2026-05-18', 'High Pressure Separator', 0.038, 20.66, 'Pass'),
(7, 103, '2026-06-11', 'Main Distillation Column', 0.091, 13.56, 'Pass'),
(8, 102, '2026-06-23', 'Crude Feed Pump', 0.252, 29.80, 'Pass'),
(9, 102, '2026-06-03', 'Storage Tank T-405', 0.231, 36.31, 'Pass'),
(10, 107, '2026-06-28', 'High Pressure Separator', 0.222, 17.50, 'Pass'),
(11, 104, '2026-06-07', 'Crude Feed Pump', 0.334, 16.92, 'Action Required'),
(12, 106, '2026-06-18', 'Heat Exchanger X-102', 0.155, 30.65, 'Pass'),
(13, 106, '2026-05-30', 'Main Distillation Column', 0.016, 22.09, 'Pass'),
(14, 104, '2026-06-28', 'Heat Exchanger X-102', 0.264, 21.05, 'Pass'),
(15, 107, '2026-06-05', 'Boiler Unit B-1', 0.125, 41.67, 'Pass'),
(16, 101, '2026-05-21', 'Heat Exchanger X-102', 0.134, 13.91, 'Pass'),
(17, 101, '2026-06-04', 'High Pressure Separator', 0.093, 27.60, 'Pass'),
(18, 106, '2026-05-29', 'Boiler Unit B-1', 0.169, 39.54, 'Pass'),
(19, 101, '2026-06-15', 'Main Distillation Column', 0.335, 43.15, 'Action Required'),
(20, 104, '2026-05-18', 'Heat Exchanger X-102', 0.301, 34.02, 'Action Required'),
(21, 105, '2026-06-29', 'Main Distillation Column', 0.170, 31.57, 'Pass'),
(22, 105, '2026-05-25', 'Storage Tank T-405', 0.176, 21.36, 'Pass'),
(23, 105, '2026-05-09', 'Storage Tank T-405', 0.046, 26.54, 'Pass'),
(24, 104, '2026-05-13', 'Main Distillation Column', 0.280, 14.88, 'Action Required'),
(25, 106, '2026-06-10', 'High Pressure Separator', 0.147, 33.15, 'Pass'),
(26, 106, '2026-06-28', 'Storage Tank T-405', 0.244, 42.66, 'Pass'),
(27, 101, '2026-06-03', 'Storage Tank T-405', 0.323, 26.55, 'Action Required'),
(28, 107, '2026-06-26', 'Storage Tank T-405', 0.090, 42.58, 'Pass'),
(29, 105, '2026-05-26', 'Storage Tank T-405', 0.306, 18.00, 'Action Required'),
(30, 105, '2026-05-17', 'Crude Feed Pump', 0.053, 27.62, 'Pass'),
(31, 107, '2026-05-13', 'Main Distillation Column', 0.187, 44.20, 'Pass'),
(32, 102, '2026-06-03', 'High Pressure Separator', 0.303, 15.60, 'Action Required'),
(33, 102, '2026-06-18', 'Boiler Unit B-1', 0.160, 40.52, 'Pass'),
(34, 107, '2026-06-17', 'Crude Feed Pump', 0.040, 20.31, 'Pass'),
(35, 106, '2026-05-06', 'Main Distillation Column', 0.297, 24.28, 'Action Required'),
(36, 102, '2026-06-06', 'Crude Feed Pump', 0.347, 41.52, 'Action Required'),
(37, 103, '2026-05-14', 'Boiler Unit B-1', 0.138, 29.35, 'Pass'),
(38, 106, '2026-06-26', 'Crude Feed Pump', 0.097, 14.54, 'Pass'),
(39, 106, '2026-06-14', 'Crude Feed Pump', 0.065, 34.02, 'Pass'),
(40, 103, '2026-06-22', 'Crude Feed Pump', 0.043, 31.57, 'Pass'),
(41, 103, '2026-05-15', 'Heat Exchanger X-102', 0.031, 33.15, 'Pass'),
(42, 105, '2026-05-22', 'Boiler Unit B-1', 0.267, 17.65, 'Pass'),
(43, 101, '2026-06-17', 'Storage Tank T-405', 0.188, 31.42, 'Pass'),
(44, 104, '2026-05-02', 'Boiler Unit B-1', 0.282, 36.42, 'Action Required'),
(45, 102, '2026-05-29', 'Boiler Unit B-1', 0.095, 29.56, 'Pass'),
(46, 107, '2026-06-28', 'Boiler Unit B-1', 0.230, 21.57, 'Pass'),
(47, 105, '2026-05-11', 'Boiler Unit B-1', 0.165, 41.33, 'Pass'),
(48, 103, '2026-05-03', 'Storage Tank T-405', 0.038, 22.12, 'Pass'),
(49, 104, '2026-06-19', 'Heat Exchanger X-102', 0.311, 24.58, 'Action Required'),
(50, 104, '2026-06-23', 'Boiler Unit B-1', 0.178, 28.16, 'Pass'),
(51, 102, '2026-05-29', 'Storage Tank T-405', 0.054, 43.12, 'Pass'),
(52, 102, '2026-06-13', 'Main Distillation Column', 0.034, 18.52, 'Pass'),
(53, 101, '2026-05-10', 'Main Distillation Column', 0.251, 31.43, 'Pass'),
(54, 102, '2026-05-17', 'Boiler Unit B-1', 0.187, 26.54, 'Pass'),
(55, 103, '2026-06-17', 'Heat Exchanger X-102', 0.012, 38.45, 'Pass'),
(56, 103, '2026-06-03', 'Storage Tank T-405', 0.199, 44.11, 'Pass'),
(57, 105, '2026-05-09', 'Main Distillation Column', 0.088, 30.12, 'Pass');
GO

INSERT INTO refinery_utilization_metrics (utilization_id, unit_id, metric_date, design_capacity_bpd, actual_throughput_bpd, utilization_percentage) VALUES
(1, 106, '2026-06-11', 8000, 7120.40, 89.01),
(2, 106, '2026-06-17', 8000, 8140.50, 101.76),
(3, 106, '2026-05-17', 8000, 7312.11, 91.40),
(4, 105, '2026-05-02', 25000, 21469.11, 85.88),
(5, 104, '2026-05-29', 60000, 58462.30, 97.44),
(6, 102, '2026-05-21', 5000, 4895.12, 97.90),
(7, 105, '2026-06-15', 25000, 23146.02, 92.58),
(8, 105, '2026-06-20', 25000, 24192.11, 96.77),
(9, 106, '2026-05-29', 8000, 6804.11, 85.05),
(10, 103, '2026-05-06', 45000, 41024.11, 91.16),
(11, 101, '2026-05-03', 10000, 9541.65, 95.42),
(12, 107, '2026-05-08', 15000, 13412.19, 89.41),
(13, 106, '2026-06-25', 8000, 8240.11, 103.00),
(14, 104, '2026-06-28', 60000, 52146.19, 86.91),
(15, 106, '2026-06-10', 8000, 7942.11, 99.28),
(16, 104, '2026-06-03', 60000, 48942.11, 81.57),
(17, 103, '2026-06-05', 45000, 44192.02, 98.20),
(18, 101, '2026-06-06', 10000, 9461.11, 94.61),
(19, 107, '2026-05-02', 15000, 12041.99, 80.28),
(20, 103, '2026-05-13', 45000, 39412.88, 87.58),
(21, 104, '2026-05-09', 60000, 57416.11, 95.69),
(22, 104, '2026-06-11', 60000, 61412.19, 102.35),
(23, 107, '2026-05-07', 15000, 14619.11, 97.46),
(24, 103, '2026-05-24', 45000, 43194.02, 95.99),
(25, 106, '2026-05-18', 8000, 7146.88, 89.34),
(26, 105, '2026-05-15', 25000, 24194.11, 96.78),
(27, 102, '2026-05-13', 5000, 4921.11, 98.42),
(28, 103, '2026-06-25', 45000, 44192.11, 98.20),
(29, 103, '2026-05-21', 45000, 38416.02, 85.37),
(30, 107, '2026-06-06', 15000, 14192.88, 94.62),
(31, 106, '2026-06-26', 8000, 7942.11, 99.28),
(32, 102, '2026-05-03', 5000, 4125.65, 82.51),
(33, 105, '2026-05-25', 25000, 22146.11, 88.58),
(34, 104, '2026-06-29', 60000, 59416.32, 99.03),
(35, 106, '2026-05-14', 8000, 6842.19, 85.53),
(36, 102, '2026-06-17', 5000, 4712.11, 94.24),
(37, 103, '2026-06-19', 45000, 41024.32, 91.16),
(38, 106, '2026-05-25', 8000, 7845.69, 98.07),
(39, 106, '2026-06-13', 8000, 7241.11, 90.51),
(40, 102, '2026-05-09', 5000, 4894.12, 97.88),
(41, 101, '2026-06-04', 10000, 9412.32, 94.12),
(42, 106, '2026-05-15', 8000, 6942.11, 86.78),
(43, 105, '2026-06-26', 25000, 24619.02, 98.48),
(44, 107, '2026-05-19', 15000, 13412.19, 89.41),
(45, 106, '2026-05-30', 8000, 7812.11, 97.65),
(46, 103, '2026-05-11', 45000, 42169.02, 93.71),
(47, 104, '2026-05-24', 60000, 58419.00, 97.37),
(48, 105, '2026-05-17', 25000, 23412.19, 93.65),
(49, 104, '2026-06-23', 60000, 54129.88, 90.22),
(50, 104, '2026-05-14', 60000, 55192.11, 91.99),
(51, 103, '2026-06-03', 45000, 39412.02, 87.58),
(52, 107, '2026-06-23', 15000, 14894.11, 99.29),
(53, 102, '2026-06-19', 5000, 4312.11, 86.24),
(54, 101, '2026-06-28', 10000, 9146.02, 91.46),
(55, 101, '2026-06-22', 10000, 9412.00, 94.12),
(56, 107, '2026-06-12', 15000, 13112.99, 87.42),
(57, 102, '2026-06-28', 5000, 4892.11, 97.84),
(58, 106, '2026-06-05', 8000, 7120.40, 89.01),
(59, 103, '2026-05-22', 45000, 41249.02, 91.66),
(60, 107, '2026-05-10', 15000, 13942.11, 92.95),
(61, 101, '2026-06-18', 10000, 9654.11, 96.54),
(62, 107, '2026-05-21', 15000, 14219.02, 94.79),
(63, 101, '2026-05-09', 10000, 8746.12, 87.46),
(64, 107, '2026-06-16', 15000, 13412.99, 89.42),
(65, 103, '2026-05-26', 45000, 41024.11, 91.16),
(66, 103, '2026-06-12', 45000, 42169.88, 93.71),
(67, 101, '2026-05-11', 10000, 9246.12, 92.46),
(68, 103, '2026-06-13', 45000, 39462.11, 87.69),
(69, 103, '2026-05-18', 45000, 44192.11, 98.20),
(70, 106, '2026-05-21', 8000, 7124.62, 89.06);
GO

INSERT INTO supply_demand_dynamics (dynamics_id, product_type, record_date, region, projected_demand_bpd, actual_supply_bpd, volumetric_variance_bpd) VALUES
(1, 'LPG', '2026-06-15', 'Southern Region', 145026.06, 147814.73, 2788.67),
(2, 'LPG', '2026-06-03', 'Eastern Region', 139148.56, 143585.34, 4436.78),
(3, 'Natural Gas', '2026-06-17', 'Western Region', 158784.84, 151590.31, -7194.53),
(4, 'LPG', '2026-06-25', 'Northern Region', 113309.43, 116346.73, 3037.30),
(5, 'HSD', '2026-05-24', 'Eastern Region', 211516.48, 203859.98, -7656.50),
(6, 'Natural Gas', '2026-05-20', 'Northern Region', 69595.69, 69407.99, -187.70),
(7, 'Natural Gas', '2026-06-10', 'Southern Region', 116413.62, 114878.71, -1534.91),
(8, 'LPG', '2026-06-06', 'Western Region', 231580.40, 241957.34, 10376.94),
(9, 'Crude Oil', '2026-05-25', 'Northern Region', 248611.33, 237890.14, -10721.19),
(10, 'Natural Gas', '2026-05-02', 'Eastern Region', 174620.44, 178942.11, 4321.67),
(11, 'Naphtha', '2026-06-16', 'Western Region', 110246.12, 115629.41, 5383.29),
(12, 'Crude Oil', '2026-05-21', 'Northern Region', 134169.88, 131024.11, -3145.77),
(13, 'Natural Gas', '2026-06-06', 'Western Region', 219416.32, 224619.05, 5202.73),
(14, 'Naphtha', '2026-05-18', 'Western Region', 101469.88, 98416.11, -3053.77),
(15, 'Crude Oil', '2026-06-12', 'Northern Region', 169412.11, 165419.02, -3993.09),
(16, 'LPG', '2026-06-25', 'Northern Region', 142169.32, 143169.02, 999.70),
(17, 'Naphtha', '2026-05-13', 'Eastern Region', 119426.11, 122146.02, 2719.91),
(18, 'LPG', '2026-05-21', 'Western Region', 214619.88, 221416.02, 6796.14),
(19, 'Naphtha', '2026-06-20', 'Western Region', 131462.88, 126419.11, -5043.77),
(20, 'Naphtha', '2026-06-15', 'Northern Region', 110246.12, 108462.11, -1784.01),
(21, 'Natural Gas', '2026-05-06', 'Southern Region', 194612.32, 198462.11, 3849.79),
(22, 'LPG', '2026-05-18', 'Eastern Region', 124169.11, 129462.00, 5292.89),
(23, 'LPG', '2026-05-19', 'Northern Region', 146192.11, 139462.88, -6729.23),
(24, 'Naphtha', '2026-05-11', 'Southern Region', 189416.32, 192416.11, 2999.79),
(25, 'Natural Gas', '2026-06-23', 'Southern Region', 131416.99, 134169.05, 2752.06),
(26, 'Naphtha', '2026-05-31', 'Northern Region', 124619.32, 119416.88, -5202.44),
(27, 'Natural Gas', '2026-05-13', 'Northern Region', 141946.88, 143126.99, 1180.11),
(28, 'Crude Oil', '2026-05-31', 'Western Region', 102416.88, 106419.11, 4002.23),
(29, 'HSD', '2026-06-11', 'Western Region', 221469.32, 219416.05, -2053.27),
(30, 'HSD', '2026-06-12', 'Northern Region', 194162.88, 199416.11, 5253.23),
(31, 'LPG', '2026-05-22', 'Northern Region', 131469.11, 129416.88, -2052.23),
(32, 'Naphtha', '2026-05-14', 'Western Region', 141629.88, 145162.11, 3532.23),
(33, 'HSD', '2026-05-09', 'Southern Region', 101469.32, 104169.11, 2699.79),
(34, 'Crude Oil', '2026-06-29', 'Northern Region', 119416.32, 122164.02, 2747.70),
(35, 'Crude Oil', '2026-05-07', 'Southern Region', 141629.88, 143162.05, 1532.17),
(36, 'Naphtha', '2026-06-25', 'Northern Region', 101416.32, 98416.11, -3000.21),
(37, 'HSD', '2026-06-19', 'Northern Region', 131462.88, 134162.11, 2699.23),
(38, 'Natural Gas', '2026-05-24', 'Southern Region', 201416.32, 204162.11, 2745.79),
(39, 'HSD', '2026-06-05', 'Southern Region', 119416.88, 122169.05, 2752.17),
(40, 'Natural Gas', '2026-05-15', 'Southern Region', 101419.32, 99416.11, -2003.21),
(41, 'Crude Oil', '2026-06-03', 'Western Region', 124169.88, 129416.11, 5246.23),
(42, 'HSD', '2026-05-21', 'Northern Region', 110246.32, 108416.11, -1830.21),
(43, 'Naphtha', '2026-06-28', 'Southern Region', 134112.88, 136112.99, 2000.11),
(44, 'Natural Gas', '2026-06-04', 'Northern Region', 101412.32, 99412.11, -2000.21),
(45, 'Natural Gas', '2026-06-26', 'Eastern Region', 124169.88, 128416.11, 4246.23),
(46, 'Naphtha', '2026-05-27', 'Western Region', 98219.11, 101194.75, 2975.64),
(47, 'HSD', '2026-06-20', 'Southern Region', 193709.09, 197226.56, 3517.47),
(48, 'HSD', '2026-06-11', 'Southern Region', 176643.27, 181249.03, 4605.76),
(49, 'LPG', '2026-05-16', 'Northern Region', 120805.54, 125492.45, 4686.91),
(50, 'HSD', '2026-06-17', 'Southern Region', 96045.96, 89660.26, -6385.70),
(51, 'Crude Oil', '2026-05-26', 'Eastern Region', 120675.45, 125486.38, 4810.93),
(52, 'Crude Oil', '2026-05-09', 'Western Region', 159385.88, 155992.06, -3393.82),
(53, 'HSD', '2026-06-02', 'Eastern Region', 71986.65, 72532.73, 546.08),
(54, 'Crude Oil', '2026-05-15', 'Eastern Region', 144321.41, 150260.77, 5939.36),
(55, 'HSD', '2026-05-29', 'Northern Region', 129465.89, 131351.89, 1886.00),
(56, 'HSD', '2026-05-19', 'Northern Region', 200043.76, 185643.74, -14400.02),
(57, 'Naphtha', '2026-06-19', 'Southern Region', 207942.99, 195185.83, -12757.16),
(58, 'LPG', '2026-05-16', 'Southern Region', 108753.05, 107660.68, -1092.37),
(59, 'Natural Gas', '2026-05-15', 'Northern Region', 125986.88, 128650.34, 2663.46),
(60, 'HSD', '2026-05-21', 'Northern Region', 221670.69, 204109.93, -17560.76),
(61, 'Natural Gas', '2026-06-12', 'Eastern Region', 115565.36, 106597.34, -8968.02),
(62, 'Naphtha', '2026-05-20', 'Northern Region', 185813.39, 186147.23, 333.84),
(63, 'Crude Oil', '2026-06-28', 'Western Region', 113909.54, 112827.48, -1082.06),
(64, 'Natural Gas', '2026-05-19', 'Northern Region', 142816.32, 147840.61, 5024.29);
GO
